21.3x2.3,21.3,2.3
21.3x2.6,21.3,2.6
21.3x3.2,21.3,3.2
26.9x2.3,26.9,2.3
26.9x2.6,26.9,2.6
26.9x3.2,26.9,3.2
33.7x2.6,33.7,2.6
33.7x3.2,33.7,3.2
33.7x4,33.7,4
42.4x2.6,42.4,2.6
42.4x3.2,42.4,3.2
42.4x4,42.4,4
48.3x2.6,48.3,2.6
48.3x3.2,48.3,3.2
48.3x4,48.3,4
48.3x5,48.3,5
60.3x2.6,60.3,2.6
60.3x3.2,60.3,3.2
60.3x4,60.3,4
60.3x5,60.3,5
76.1x2.6,76.1,2.6
76.1x3.2,76.1,3.2
76.1x4,76.1,4
76.1x5,76.1,5
88.9x3.2,88.9,3.2
88.9x4,88.9,4
88.9x5,88.9,5
88.9x6.3,88.9,6.3
101.6x3.2,101.6,3.2
101.6x4,101.6,4
101.6x5,101.6,5
101.6x6.3,101.6,6.3
101.6x8,101.6,8
101.6x10,101.6,10
114.3x3.2,114.3,3.2
114.3x4,114.3,4
114.3x5,114.3,5
114.3x6.3,114.3,6.3
114.3x8,114.3,8
114.3x10,114.3,10
139.7x4,139.7,4
139.7x5,139.7,5
139.7x6.3,139.7,6.3
139.7x8,139.7,8
139.7x10,139.7,10
139.7x12.5,139.7,12.5
168.3x4,168.3,4
168.3x5,168.3,5
168.3x6.3,168.3,6.3
168.3x8,168.3,8
168.3x10,168.3,10
168.3x12.5,168.3,12.5
177.8x5,177.8,5
177.8x6.3,177.8,6.3
177.8x8,177.8,8
177.8x10,177.8,10
177.8x12.5,177.8,12.5
193.7x5,193.7,5
193.7x6.3,193.7,6.3
193.7x8,193.7,8
193.7x10,193.7,10
193.7x12.5,193.7,12.5
193.7x14.2,193.7,14.2
193.7x16,193.7,16
219.1x5,219.1,5
219.1x6.3,219.1,6.3
219.1x8,219.1,8
219.1x10,219.1,10
219.1x12.5,219.1,12.5
219.1x14.2,219.1,14.2
219.1x16,219.1,16
219.1x20,219.1,20
244.5x5,244.5,5
244.5x6.3,244.5,6.3
244.5x8,244.5,8
244.5x10,244.5,10
244.5x12.5,244.5,12.5
244.5x14.2,244.5,14.2
244.5x16,244.5,16
244.5x20,244.5,20
244.5x25,244.5,25
273x5,273,5
273x6.3,273,6.3
273x8,273,8
273x10,273,10
273x12.5,273,12.5
273x14.2,273,14.2
273x16,273,16
273x20,273,20
273x25,273,25
323.9x5,323.9,5
323.9x6.3,323.9,6.3
323.9x8,323.9,8
323.9x10,323.9,10
323.9x12.5,323.9,12.5
323.9x14.2,323.9,14.2
323.9x16,323.9,16
323.9x20,323.9,20
323.9x25,323.9,25
355.6x6.3,355.6,6.3
355.6x8,355.6,8
355.6x10,355.6,10
355.6x12.5,355.6,12.5
355.6x14.2,355.6,14.2
355.6x16,355.6,16
355.6x20,355.6,20
355.6x25,355.6,25
406.4x6.3,406.4,6.3
406.4x8,406.4,8
406.4x10,406.4,10
406.4x12.5,406.4,12.5
406.4x14.2,406.4,14.2
406.4x16,406.4,16
406.4x20,406.4,20
406.4x25,406.4,25
406.4x30,406.4,30
406.4x40,406.4,40
457x6.3,457,6.3
457x8,457,8
457x10,457,10
457x12.5,457,12.5   
457x14.2,457,14.2
457x16,457,16
457x20,457,20
457x25,457,25
457x30,457,30
457x40,457,40
508x6.3,508,6.3
508x8,508,8
508x10,508,10
508x12.5,508,12.5
508x14.2,508,14.2
508x16,508,16
508x20,508,20
508x25,508,25
508x30,508,30
508x40,508,40
508x50,508,50
610x6.3,610,6.3
610x8,610,8
610x10,610,10   
610x12.5,610,12.5
610x14.2,610,14.2
610x16,610,16
610x20,610,20
610x25,610,25
610x30,610,30
610x40,610,40
610x50,610,50
711x6.3,711,6.3
711x8,711,8
711x10,711,10
711x12.5,711,12.5
711x14.2,711,14.2
711x16,711,16
711x20,711,20
711x25,711,25
711x30,711,30
711x40,711,40
711x50,711,50
711x60,711,60
762x6.3,762,6.3
762x8,762,8
762x10,762,10
762x12.5,762,12.5
762x14.2,762,14.2
762x16,762,16
762x20,762,20
762x25,762,25
762x30,762,30
762x40,762,40
762x50,762,50
813x8,813,8
813x10,813,10
813x12.5,813,12.5
813x14.2,813,14.2
813x16,813,16
813x20,813,20
813x25,813,25
813x30,813,30
914x8,914,8
914x10,914,10
914x12.5,914,12.5
914x14.2,914,14.2
914x16,914,16
914x20,914,20
914x25,914,25
914x30,914,30
1016x8,1016,8
1016x10,1016,10
1016x12.5,1016,12.5
1016x14.2,1016,14.2
1016x16,1016,16
1016x20,1016,20
1016x25,1016,25
1016x30,1016,30
1067x10,1067,10
1067x12.5,1067,12.5
1067x14.2,1067,14.2
1067x16,1067,16
1067x20,1067,20
1067x25,1067,25
1067x30,1067,30
1168x10,1168,10
1168x12.5,1168,12.5
1168x14.2,1168,14.2
1168x16,1168,16
1168x20,1168,20
1168x25,1168,25
1219x10,1219,10
1219x12.5,1219,12.5
1219x14.2,1219,14.2
1219x16,1219,16
1219x20,1219,20
1219x25,1219,25