40x40x2.6,40,40,2.6
40x40x3.2,40,40,3.2
40x40x4,40,40,4
40x40x5,40,40,5
50x50x2.6,50,50,2.6
50x50x3.2,50,50,3.2
50x50x4,50,50,4
50x50x5,50,50,5
50x50x6.3,50,50,6.3
60x60x2.6,60,60,2.6
60x60x3.2,60,60,3.2
60x60x4,60,60,4
60x60x5,60,60,5
60x60x6.3,60,60,6.3
60x60x8,60,60,8
70x70x3.2,70,70,3.2
70x70x4,70,70,4
70x70x5,70,70,5
70x70x6.3,70,70,6.3
70x70x8,70,70,8
80x80x3.2,80,80,3.2
80x80x4,80,80,4
80x80x5,80,80,5
80x80x6.3,80,80,6.3
80x80x8,80,80,8
90x90x4,90,90,4
90x90x5,90,90,5
90x90x6.3,90,90,6.3
90x90x8,90,90,8
100x100x4,100,100,4
100x100x5,100,100,5
100x100x6.3,100,100,6.3
100x100x8,100,100,8
100x100x10,100,100,10
120x120x5,120,120,5
120x120x6.3,120,120,6.3
120x120x8,120,120,8
120x120x10,120,120,10
120x120x12.5,120,120,12.5
140x140x5,140,140,5
140x140x6.3,140,140,6.3
140x140x8,140,140,8
140x140x10,140,140,10
140x140x12.5,140,140,12.5
150x150x5,150,150,5
150x150x6.3,150,150,6.3
150x150x8,150,150,8
150x150x10,150,150,10
150x150x12.5,150,150,12.5
150x150x14.2,150,150,14.2
150x150x16,150,150,16
160x160x5,160,160,5
160x160x6.3,160,160,6.3
160x160x8,160,160,8
160x160x10,160,160,10
160x160x12.5,160,160,12.5
160x160x14.2,160,160,14.2
160x160x16,160,160,16
180x180x5,180,180,5
180x180x6.3,180,180,6.3
180x180x8,180,180,8
180x180x10,180,180,10
180x180x12.5,180,180,12.5
180x180x14.2,180,180,14.2
180x180x16,180,180,16
200x200x5,200,200,5
200x200x6.3,200,200,6.3
200x200x8,200,200,8
200x200x10,200,200,10
200x200x12.5,200,200,12.5
200x200x14.2,200,200,14.2
200x200x16,200,200,16
220x220x6.3,220,220,6.3
220x220x8,220,220,8
220x220x10,220,220,10
220x220x12.5,220,220,12.5
220x220x14.2,220,220,14.2
220x220x16,220,220,16
250x250x6.3,250,250,6.3
250x250x8,250,250,8
250x250x10,250,250,10
250x250x12.5,250,250,12.5
250x250x14.2,250,250,14.2
250x250x16,250,250,16
260x260x6.3,260,260,6.3
260x260x8,260,260,8
260x260x10,260,260,10
260x260x12.5,260,260,12.5
260x260x14.2,260,260,14.2
260x260x16,260,260,16
300x300x6.3,300,300,6.3
300x300x8,300,300,8
300x300x10,300,300,10
300x300x12.5,300,300,12.5
300x300x14.2,300,300,14.2
300x300x16,300,300,16
350x350x8,350,350,8
350x350x10,350,350,10
350x350x12.5,350,350,12.5
350x350x14.2,350,350,14.2
350x350x16,350,350,16
400x400x10,400,400,10
400x400x12.5,400,400,12.5
400x400x14.2,400,400,14.2
400x400x16,400,400,16
400x400x20,400,400,20
